<linker>
  <assembly fullname="Assembly-CSharp, Version=0.0.0.0, Culture=neutral, PublicKeyToken=null">
    <type fullname="AddressablesLoader" preserve="all" />
    <type fullname="CameraControl.CameraController" preserve="all" />
    <type fullname="CameraControl.LookAtCamera" preserve="all" />
    <type fullname="CameraControl.ScreenShakeActions" preserve="all" />
    <type fullname="CameraManager" preserve="all" />
    <type fullname="Command.AttackCommand" preserve="all" />
    <type fullname="Command.HealCommand" preserve="all" />
    <type fullname="Command.MagicCommand" preserve="all" />
    <type fullname="Command.MagicObject" preserve="all" />
    <type fullname="Command.MoveCommand" preserve="all" />
    <type fullname="Command.WaitCommand" preserve="all" />
    <type fullname="Grid.GridSystemVisual" preserve="all" />
    <type fullname="Grid.GridSystemVisualSingle" preserve="all" />
    <type fullname="InputManager" preserve="all" />
    <type fullname="LevelGrid" preserve="all" />
    <type fullname="Member.BlackMageAnimator" preserve="all" />
    <type fullname="Member.EnemyAI" preserve="all" />
    <type fullname="Member.HealthSystem" preserve="all" />
    <type fullname="Member.MemberCharacter" preserve="all" />
    <type fullname="Member.MemberLoader" preserve="all" />
    <type fullname="Member.MemberRagdoll" preserve="all" />
    <type fullname="Member.MemberRagdollSpawner" preserve="all" />
    <type fullname="Member.MemberSelectedVisual" preserve="all" />
    <type fullname="Member.MonkAnimator" preserve="all" />
    <type fullname="Member.WarriorAnimator" preserve="all" />
    <type fullname="Member.WhiteMageAnimator" preserve="all" />
    <type fullname="MemberCommandSystem" preserve="all" />
    <type fullname="MemberManager" preserve="all" />
    <type fullname="MouseWorld" preserve="all" />
    <type fullname="Path.PathfindingGridDebugObject" preserve="all" />
    <type fullname="Path.PathfindingUpdater" preserve="all" />
    <type fullname="Pathfinding" preserve="all" />
    <type fullname="ScoreManager" preserve="all" />
    <type fullname="SeMember" preserve="all" />
    <type fullname="Stage.DestructibleCrate" preserve="all" />
    <type fullname="Testing" preserve="all" />
    <type fullname="TSM.AudioMixerManager" preserve="all" />
    <type fullname="TSM.SoundManager" preserve="all" />
    <type fullname="TurnSystem" preserve="all" />
    <type fullname="UI.ActionBusyUI" preserve="all" />
    <type fullname="UI.CommandButtonUI" preserve="all" />
    <type fullname="UI.DamagePointsUI" preserve="all" />
    <type fullname="UI.HealPointsUI" preserve="all" />
    <type fullname="UI.MemberCommandSystemUI" preserve="all" />
    <type fullname="UI.MemberUnselectUI" preserve="all" />
    <type fullname="UI.MemberWorldUI" preserve="all" />
    <type fullname="UI.ScoreUI" preserve="all" />
    <type fullname="UI.TurnSystemUI" preserve="all" />
    <type fullname="Grid.GridSystemVisual/GridVisualTypeMaterial" preserve="nothing" serialized="true" />
  </assembly>
  <assembly fullname="Cinemachine, Version=0.0.0.0, Culture=neutral, PublicKeyToken=null">
    <type fullname="Cinemachine.CinemachineBrain" preserve="all" />
    <type fullname="Cinemachine.CinemachineComposer" preserve="all" />
    <type fullname="Cinemachine.CinemachineImpulseListener" preserve="all" />
    <type fullname="Cinemachine.CinemachineImpulseSource" preserve="all" />
    <type fullname="Cinemachine.CinemachinePipeline" preserve="all" />
    <type fullname="Cinemachine.CinemachineTransposer" preserve="all" />
    <type fullname="Cinemachine.CinemachineVirtualCamera" preserve="all" />
    <type fullname="Cinemachine.NoiseSettings" preserve="all" />
    <type fullname="Cinemachine.CinemachineBlendDefinition" preserve="nothing" serialized="true" />
    <type fullname="Cinemachine.CinemachineBrain/BrainEvent" preserve="nothing" serialized="true" />
    <type fullname="Cinemachine.CinemachineBrain/VcamActivatedEvent" preserve="nothing" serialized="true" />
    <type fullname="Cinemachine.CinemachineImpulseDefinition" preserve="nothing" serialized="true" />
    <type fullname="Cinemachine.CinemachineImpulseListener/ImpulseReaction" preserve="nothing" serialized="true" />
    <type fullname="Cinemachine.CinemachineImpulseManager/EnvelopeDefinition" preserve="nothing" serialized="true" />
    <type fullname="Cinemachine.CinemachineVirtualCameraBase/TransitionParams" preserve="nothing" serialized="true" />
    <type fullname="Cinemachine.LensSettings" preserve="nothing" serialized="true" />
    <type fullname="Cinemachine.NoiseSettings/NoiseParams" preserve="nothing" serialized="true" />
    <type fullname="Cinemachine.NoiseSettings/TransformNoiseParams" preserve="nothing" serialized="true" />
  </assembly>
  <assembly fullname="Unity.Addressables, Version=0.0.0.0, Culture=neutral, PublicKeyToken=null" preserve="all">
    <type fullname="UnityEngine.AddressableAssets.Addressables" preserve="all" />
  </assembly>
  <assembly fullname="Unity.ProBuilder, Version=0.0.0.0, Culture=neutral, PublicKeyToken=null">
    <type fullname="UnityEngine.ProBuilder.ProBuilderMesh" preserve="all" />
    <type fullname="UnityEngine.ProBuilder.AutoUnwrapSettings" preserve="nothing" serialized="true" />
    <type fullname="UnityEngine.ProBuilder.Face" preserve="nothing" serialized="true" />
    <type fullname="UnityEngine.ProBuilder.SharedVertex" preserve="nothing" serialized="true" />
    <type fullname="UnityEngine.ProBuilder.UnwrapParameters" preserve="nothing" serialized="true" />
  </assembly>
  <assembly fullname="Unity.ResourceManager, Version=0.0.0.0, Culture=neutral, PublicKeyToken=null" preserve="all">
    <type fullname="UnityEngine.ResourceManagement.ResourceProviders.AssetBundleProvider" preserve="all" />
    <type fullname="UnityEngine.ResourceManagement.ResourceProviders.BundledAssetProvider" preserve="all" />
    <type fullname="UnityEngine.ResourceManagement.ResourceProviders.InstanceProvider" preserve="all" />
    <type fullname="UnityEngine.ResourceManagement.ResourceProviders.LegacyResourcesProvider" preserve="all" />
    <type fullname="UnityEngine.ResourceManagement.ResourceProviders.SceneProvider" preserve="all" />
  </assembly>
  <assembly fullname="Unity.TextMeshPro, Version=0.0.0.0, Culture=neutral, PublicKeyToken=null">
    <type fullname="TMPro.TextMeshPro" preserve="all" />
    <type fullname="TMPro.TextMeshProUGUI" preserve="all" />
    <type fullname="TMPro.TMP_FontAsset" preserve="all" />
    <type fullname="TMPro.FaceInfo_Legacy" preserve="nothing" serialized="true" />
    <type fullname="TMPro.FontAssetCreationSettings" preserve="nothing" serialized="true" />
    <type fullname="TMPro.KerningTable" preserve="nothing" serialized="true" />
    <type fullname="TMPro.TMP_Character" preserve="nothing" serialized="true" />
    <type fullname="TMPro.TMP_FontFeatureTable" preserve="nothing" serialized="true" />
    <type fullname="TMPro.TMP_FontWeightPair" preserve="nothing" serialized="true" />
    <type fullname="TMPro.TMP_GlyphAdjustmentRecord" preserve="nothing" serialized="true" />
    <type fullname="TMPro.TMP_GlyphPairAdjustmentRecord" preserve="nothing" serialized="true" />
    <type fullname="TMPro.TMP_GlyphValueRecord" preserve="nothing" serialized="true" />
    <type fullname="TMPro.VertexGradient" preserve="nothing" serialized="true" />
  </assembly>
  <assembly fullname="UnityEditor.CoreModule, Version=0.0.0.0, Culture=neutral, PublicKeyToken=null">
    <type fullname="UnityEditor.Audio.AudioMixerSnapshotController" preserve="all" />
  </assembly>
  <assembly fullname="UnityEngine.AnimationModule, Version=0.0.0.0, Culture=neutral, PublicKeyToken=null">
    <type fullname="UnityEngine.AnimationClip" preserve="all" />
    <type fullname="UnityEngine.Animator" preserve="all" />
    <type fullname="UnityEngine.Avatar" preserve="all" />
    <type fullname="UnityEngine.RuntimeAnimatorController" preserve="all" />
  </assembly>
  <assembly fullname="UnityEngine.AudioModule, Version=0.0.0.0, Culture=neutral, PublicKeyToken=null">
    <type fullname="UnityEngine.Audio.AudioMixer" preserve="all" />
    <type fullname="UnityEngine.Audio.AudioMixerGroup" preserve="all" />
    <type fullname="UnityEngine.AudioClip" preserve="all" />
    <type fullname="UnityEngine.AudioListener" preserve="all" />
    <type fullname="UnityEngine.AudioSource" preserve="all" />
  </assembly>
  <assembly fullname="UnityEngine.CoreModule, Version=0.0.0.0, Culture=neutral, PublicKeyToken=null">
    <type fullname="UnityEngine.Camera" preserve="all" />
    <type fullname="UnityEngine.Cubemap" preserve="all" />
    <type fullname="UnityEngine.GameObject" preserve="all" />
    <type fullname="UnityEngine.Light" preserve="all" />
    <type fullname="UnityEngine.LightmapSettings" preserve="all" />
    <type fullname="UnityEngine.Material" preserve="all" />
    <type fullname="UnityEngine.Mesh" preserve="all" />
    <type fullname="UnityEngine.MeshFilter" preserve="all" />
    <type fullname="UnityEngine.MeshRenderer" preserve="all" />
    <type fullname="UnityEngine.MonoBehaviour" preserve="all" />
    <type fullname="UnityEngine.Object" preserve="all" />
    <type fullname="UnityEngine.RectTransform" preserve="all" />
    <type fullname="UnityEngine.RenderSettings" preserve="all" />
    <type fullname="UnityEngine.Shader" preserve="all" />
    <type fullname="UnityEngine.SkinnedMeshRenderer" preserve="all" />
    <type fullname="UnityEngine.Sprite" preserve="all" />
    <type fullname="UnityEngine.SpriteRenderer" preserve="all" />
    <type fullname="UnityEngine.Texture2D" preserve="all" />
    <type fullname="UnityEngine.TrailRenderer" preserve="all" />
    <type fullname="UnityEngine.Transform" preserve="all" />
    <type fullname="UnityEngine.Events.PersistentCallGroup" preserve="nothing" serialized="true" />
    <type fullname="UnityEngine.RectOffset" preserve="nothing" serialized="true" />
  </assembly>
  <assembly fullname="UnityEngine.ParticleSystemModule, Version=0.0.0.0, Culture=neutral, PublicKeyToken=null">
    <type fullname="UnityEngine.ParticleSystem" preserve="all" />
    <type fullname="UnityEngine.ParticleSystemRenderer" preserve="all" />
  </assembly>
  <assembly fullname="UnityEngine.PhysicsModule, Version=0.0.0.0, Culture=neutral, PublicKeyToken=null">
    <type fullname="UnityEngine.BoxCollider" preserve="all" />
    <type fullname="UnityEngine.CapsuleCollider" preserve="all" />
    <type fullname="UnityEngine.CharacterJoint" preserve="all" />
    <type fullname="UnityEngine.MeshCollider" preserve="all" />
    <type fullname="UnityEngine.Rigidbody" preserve="all" />
    <type fullname="UnityEngine.SphereCollider" preserve="all" />
  </assembly>
  <assembly fullname="UnityEngine.TextRenderingModule, Version=0.0.0.0, Culture=neutral, PublicKeyToken=null">
    <type fullname="UnityEngine.Font" preserve="all" />
  </assembly>
  <assembly fullname="UnityEngine.UI, Version=1.0.0.0, Culture=neutral, PublicKeyToken=null">
    <type fullname="UnityEngine.EventSystems.EventSystem" preserve="all" />
    <type fullname="UnityEngine.EventSystems.StandaloneInputModule" preserve="all" />
    <type fullname="UnityEngine.UI.Button" preserve="all" />
    <type fullname="UnityEngine.UI.CanvasScaler" preserve="all" />
    <type fullname="UnityEngine.UI.GraphicRaycaster" preserve="all" />
    <type fullname="UnityEngine.UI.GridLayoutGroup" preserve="all" />
    <type fullname="UnityEngine.UI.Image" preserve="all" />
    <type fullname="UnityEngine.UI.Outline" preserve="all" />
    <type fullname="UnityEngine.UI.Shadow" preserve="all" />
    <type fullname="UnityEngine.UI.MaskableGraphic/CullStateChangedEvent" preserve="nothing" serialized="true" />
    <type fullname="UnityEngine.UI.AnimationTriggers" preserve="nothing" serialized="true" />
    <type fullname="UnityEngine.UI.Button/ButtonClickedEvent" preserve="nothing" serialized="true" />
    <type fullname="UnityEngine.UI.ColorBlock" preserve="nothing" serialized="true" />
    <type fullname="UnityEngine.UI.Navigation" preserve="nothing" serialized="true" />
    <type fullname="UnityEngine.UI.SpriteState" preserve="nothing" serialized="true" />
  </assembly>
  <assembly fullname="UnityEngine.UIModule, Version=0.0.0.0, Culture=neutral, PublicKeyToken=null">
    <type fullname="UnityEngine.Canvas" preserve="all" />
    <type fullname="UnityEngine.CanvasRenderer" preserve="all" />
  </assembly>
  <assembly fullname="UnityEngine.TextCoreFontEngineModule">
    <type fullname="UnityEngine.TextCore.FaceInfo" preserve="nothing" serialized="true" />
    <type fullname="UnityEngine.TextCore.Glyph" preserve="nothing" serialized="true" />
    <type fullname="UnityEngine.TextCore.GlyphMetrics" preserve="nothing" serialized="true" />
    <type fullname="UnityEngine.TextCore.GlyphRect" preserve="nothing" serialized="true" />
  </assembly>
</linker>